packet_time,boot_count,id,spacecraft,target,packet,items
2025-05-16 17:45:41.955+00,6450,1747417543195-0,DEFAULT,THERMAL,THERMAL_HK,"{""SENSOR1"":30.52,""SENSOR2"":29.92,""SENSOR3"":29.98,""SENSOR4"":30.01,""SENSOR5"":29.77,""SENSOR6"":29.46,""SENSOR7"":29.64,""SENSOR8"":30.46,""SENSOR9"":29.7,""SENSOR10"":30.01,""SENSOR11"":30.22,""SENSOR12"":29.82,""SENSOR13"":29.29,""SENSOR14"":28.9,""SENSOR15"":29.57,""SENSOR16"":30.39,""SENSOR17"":30.36,""SENSOR18"":30.68,""SENSOR19"":29.79,""SENSOR20"":29.39}"
2025-05-16 17:44:14.667+00,6450,1747417455921-0,DEFAULT,THERMAL,THERMAL_HK,"{""SENSOR1"":30.63,""SENSOR2"":30.09,""SENSOR3"":29.63,""SENSOR4"":29.86,""SENSOR5"":30.07,""SENSOR6"":30.13,""SENSOR7"":29.53,""SENSOR8"":30.07,""SENSOR9"":30.38,""SENSOR10"":29.57,""SENSOR11"":30.37,""SENSOR12"":29.71,""SENSOR13"":29.02,""SENSOR14"":28.63,""SENSOR15"":28.76,""SENSOR16"":30.98,""SENSOR17"":29.53,""SENSOR18"":29.56,""SENSOR19"":29.01,""SENSOR20"":29.13}"
2025-05-16 17:44:11.475+00,6450,1747417452725-0,DEFAULT,THERMAL,THERMAL_HK,"{""SENSOR1"":30.31,""SENSOR2"":30.2,""SENSOR3"":29.08,""SENSOR4"":30.48,""SENSOR5"":29.6,""SENSOR6"":29.4,""SENSOR7"":29.41,""SENSOR8"":29.47,""SENSOR9"":29.99,""SENSOR10"":29.68,""SENSOR11"":30.42,""SENSOR12"":29.93,""SENSOR13"":29.45,""SENSOR14"":28.63,""SENSOR15"":28.64,""SENSOR16"":30.41,""SENSOR17"":29.68,""SENSOR18"":30.04,""SENSOR19"":30.01,""SENSOR20"":29.17}"
2025-05-16 17:44:09.519+00,6450,1747417450767-0,DEFAULT,THERMAL,THERMAL_HK,"{""SENSOR1"":31.34,""SENSOR2"":30.55,""SENSOR3"":29.32,""SENSOR4"":30.31,""SENSOR5"":29.96,""SENSOR6"":30.15,""SENSOR7"":29.11,""SENSOR8"":30.19,""SENSOR9"":29.78,""SENSOR10"":29.87,""SENSOR11"":29.98,""SENSOR12"":29.94,""SENSOR13"":29.3,""SENSOR14"":29.21,""SENSOR15"":29.26,""SENSOR16"":30.2,""SENSOR17"":30.33,""SENSOR18"":30.65,""SENSOR19"":29.73,""SENSOR20"":29.2}"
2025-05-16 17:44:04.391+00,6450,1747417445641-0,DEFAULT,THERMAL,THERMAL_HK,"{""SENSOR1"":30.71,""SENSOR2"":29.9,""SENSOR3"":29.69,""SENSOR4"":29.68,""SENSOR5"":29.36,""SENSOR6"":30.36,""SENSOR7"":29.78,""SENSOR8"":29.6,""SENSOR9"":30.74,""SENSOR10"":29.19,""SENSOR11"":30.7,""SENSOR12"":29.63,""SENSOR13"":29.29,""SENSOR14"":28.87,""SENSOR15"":29.0,""SENSOR16"":29.8,""SENSOR17"":30.33,""SENSOR18"":29.96,""SENSOR19"":29.54,""SENSOR20"":28.94}"
2025-05-16 17:44:01.483+00,6450,1747417442318-0,DEFAULT,THERMAL,THERMAL_HK,"{""SENSOR1"":30.74,""SENSOR2"":29.88,""SENSOR3"":29.8,""SENSOR4"":29.61,""SENSOR5"":29.73,""SENSOR6"":29.93,""SENSOR7"":29.64,""SENSOR8"":30.15,""SENSOR9"":30.54,""SENSOR10"":29.91,""SENSOR11"":30.24,""SENSOR12"":29.76,""SENSOR13"":29.83,""SENSOR14"":29.19,""SENSOR15"":29.52,""SENSOR16"":30.48,""SENSOR17"":30.38,""SENSOR18"":29.98,""SENSOR19"":29.68,""SENSOR20"":29.14}"
2025-05-16 17:43:59.239+00,6450,1747417440076-0,DEFAULT,THERMAL,THERMAL_HK,"{""SENSOR1"":30.98,""SENSOR2"":30.45,""SENSOR3"":29.76,""SENSOR4"":29.99,""SENSOR5"":29.39,""SENSOR6"":29.57,""SENSOR7"":29.38,""SENSOR8"":29.79,""SENSOR9"":29.58,""SENSOR10"":29.6,""SENSOR11"":30.45,""SENSOR12"":29.87,""SENSOR13"":29.66,""SENSOR14"":28.47,""SENSOR15"":29.35,""SENSOR16"":30.42,""SENSOR17"":30.01,""SENSOR18"":29.62,""SENSOR19"":29.4,""SENSOR20"":29.4}"
2025-05-16 17:43:54.147+00,6450,1747417434982-0,DEFAULT,THERMAL,THERMAL_HK,"{""SENSOR1"":30.9,""SENSOR2"":30.28,""SENSOR3"":29.52,""SENSOR4"":30.38,""SENSOR5"":29.26,""SENSOR6"":30.06,""SENSOR7"":28.99,""SENSOR8"":30.39,""SENSOR9"":30.3,""SENSOR10"":29.98,""SENSOR11"":29.69,""SENSOR12"":28.98,""SENSOR13"":29.87,""SENSOR14"":29.41,""SENSOR15"":28.85,""SENSOR16"":30.68,""SENSOR17"":29.45,""SENSOR18"":29.72,""SENSOR19"":28.9,""SENSOR20"":29.58}"
2025-05-16 17:43:51.475+00,6450,1747417432317-0,DEFAULT,THERMAL,THERMAL_HK,"{""SENSOR1"":31.04,""SENSOR2"":30.8,""SENSOR3"":29.63,""SENSOR4"":29.41,""SENSOR5"":29.7,""SENSOR6"":30.1,""SENSOR7"":29.51,""SENSOR8"":29.83,""SENSOR9"":30.26,""SENSOR10"":29.2,""SENSOR11"":29.99,""SENSOR12"":29.53,""SENSOR13"":29.2,""SENSOR14"":28.51,""SENSOR15"":29.43,""SENSOR16"":30.64,""SENSOR17"":30.09,""SENSOR18"":30.66,""SENSOR19"":29.89,""SENSOR20"":29.94}"
2025-05-16 17:43:49.011+00,6450,1747417429887-0,DEFAULT,THERMAL,THERMAL_HK,"{""SENSOR1"":46.54,""SENSOR2"":19.54,""SENSOR3"":46.69,""SENSOR4"":25.85,""SENSOR5"":18.97,""SENSOR6"":19.66,""SENSOR7"":51.2,""SENSOR8"":51.32,""SENSOR9"":56.18,""SENSOR10"":50.92,""SENSOR11"":52.02,""SENSOR12"":45.49,""SENSOR13"":20.13,""SENSOR14"":21.33,""SENSOR15"":22.25,""SENSOR16"":53.7,""SENSOR17"":17.28,""SENSOR18"":50.72,""SENSOR19"":47.32,""SENSOR20"":14.83}"
2025-05-16 17:43:44.555+00,6450,1747417425394-0,DEFAULT,THERMAL,THERMAL_HK,"{""SENSOR1"":30.69,""SENSOR2"":30.96,""SENSOR3"":29.96,""SENSOR4"":30.15,""SENSOR5"":29.8,""SENSOR6"":29.5,""SENSOR7"":28.87,""SENSOR8"":30.54,""SENSOR9"":29.81,""SENSOR10"":29.69,""SENSOR11"":29.78,""SENSOR12"":29.51,""SENSOR13"":29.28,""SENSOR14"":28.43,""SENSOR15"":29.41,""SENSOR16"":30.06,""SENSOR17"":30.47,""SENSOR18"":30.35,""SENSOR19"":29.39,""SENSOR20"":29.31}"
2025-05-16 17:43:41.475+00,6450,1747417422307-0,DEFAULT,THERMAL,THERMAL_HK,"{""SENSOR1"":30.48,""SENSOR2"":30.93,""SENSOR3"":29.13,""SENSOR4"":29.85,""SENSOR5"":30.11,""SENSOR6"":29.33,""SENSOR7"":29.34,""SENSOR8"":29.79,""SENSOR9"":30.65,""SENSOR10"":29.74,""SENSOR11"":30.64,""SENSOR12"":29.16,""SENSOR13"":28.96,""SENSOR14"":28.73,""SENSOR15"":29.49,""SENSOR16"":30.62,""SENSOR17"":29.45,""SENSOR18"":30.08,""SENSOR19"":29.47,""SENSOR20"":29.58}"
2025-05-16 07:34:52.299+00,6450,1747380892801-0,DEFAULT,THERMAL,THERMAL_HK,"{""SENSOR1"":33.76,""SENSOR2"":33.61,""SENSOR3"":33.18,""SENSOR4"":33.54,""SENSOR5"":32.44,""SENSOR6"":32.76,""SENSOR7"":32.75,""SENSOR8"":33.18,""SENSOR9"":33.88,""SENSOR10"":33.42,""SENSOR11"":32.82,""SENSOR12"":32.99,""SENSOR13"":32.54,""SENSOR14"":32.74,""SENSOR15"":32.47,""SENSOR16"":33.67,""SENSOR17"":33.35,""SENSOR18"":33.05,""SENSOR19"":32.4,""SENSOR20"":33.19}"
2025-05-16 07:34:51.819+00,6450,1747380892321-0,DEFAULT,THERMAL,THERMAL_HK,"{""SENSOR1"":33.64,""SENSOR2"":33.6,""SENSOR3"":33.1,""SENSOR4"":33.16,""SENSOR5"":32.82,""SENSOR6"":33.47,""SENSOR7"":32.95,""SENSOR8"":33.17,""SENSOR9"":33.14,""SENSOR10"":32.88,""SENSOR11"":34.09,""SENSOR12"":32.42,""SENSOR13"":33.17,""SENSOR14"":32.86,""SENSOR15"":32.78,""SENSOR16"":33.88,""SENSOR17"":33.86,""SENSOR18"":32.85,""SENSOR19"":32.07,""SENSOR20"":32.24}"
2025-05-16 07:34:47.031+00,6450,1747380887528-0,DEFAULT,THERMAL,THERMAL_HK,"{""SENSOR1"":34.43,""SENSOR2"":33.27,""SENSOR3"":33.09,""SENSOR4"":32.72,""SENSOR5"":33.45,""SENSOR6"":33.09,""SENSOR7"":32.3,""SENSOR8"":33.57,""SENSOR9"":33.77,""SENSOR10"":33.15,""SENSOR11"":33.81,""SENSOR12"":32.55,""SENSOR13"":32.76,""SENSOR14"":32.19,""SENSOR15"":33.13,""SENSOR16"":33.1,""SENSOR17"":32.59,""SENSOR18"":32.67,""SENSOR19"":32.34,""SENSOR20"":32.8}"
2025-05-16 07:34:42.151+00,6450,1747380882702-0,DEFAULT,THERMAL,THERMAL_HK,"{""SENSOR1"":34.58,""SENSOR2"":34.2,""SENSOR3"":33.46,""SENSOR4"":33.69,""SENSOR5"":33.37,""SENSOR6"":33.15,""SENSOR7"":32.74,""SENSOR8"":33.0,""SENSOR9"":33.84,""SENSOR10"":33.13,""SENSOR11"":33.48,""SENSOR12"":32.52,""SENSOR13"":32.35,""SENSOR14"":32.89,""SENSOR15"":32.5,""SENSOR16"":34.13,""SENSOR17"":32.83,""SENSOR18"":33.8,""SENSOR19"":32.49,""SENSOR20"":32.32}"
2025-05-16 07:34:41.823+00,6450,1747380882320-0,DEFAULT,THERMAL,THERMAL_HK,"{""SENSOR1"":34.58,""SENSOR2"":33.14,""SENSOR3"":33.06,""SENSOR4"":33.49,""SENSOR5"":32.99,""SENSOR6"":32.67,""SENSOR7"":32.15,""SENSOR8"":33.45,""SENSOR9"":33.04,""SENSOR10"":32.43,""SENSOR11"":33.26,""SENSOR12"":32.97,""SENSOR13"":33.03,""SENSOR14"":32.15,""SENSOR15"":33.15,""SENSOR16"":33.33,""SENSOR17"":32.78,""SENSOR18"":33.75,""SENSOR19"":33.05,""SENSOR20"":32.35}"
2025-05-16 07:34:36.855+00,6450,1747380877355-0,DEFAULT,THERMAL,THERMAL_HK,"{""SENSOR1"":34.61,""SENSOR2"":34.02,""SENSOR3"":32.53,""SENSOR4"":33.5,""SENSOR5"":32.51,""SENSOR6"":33.53,""SENSOR7"":32.38,""SENSOR8"":32.82,""SENSOR9"":33.23,""SENSOR10"":32.55,""SENSOR11"":33.17,""SENSOR12"":32.06,""SENSOR13"":32.24,""SENSOR14"":32.23,""SENSOR15"":32.88,""SENSOR16"":32.89,""SENSOR17"":33.4,""SENSOR18"":33.02,""SENSOR19"":32.95,""SENSOR20"":33.36}"
2025-05-16 07:34:31.987+00,6450,1747380872489-0,DEFAULT,THERMAL,THERMAL_HK,"{""SENSOR1"":34.01,""SENSOR2"":33.35,""SENSOR3"":32.42,""SENSOR4"":33.49,""SENSOR5"":33.14,""SENSOR6"":33.01,""SENSOR7"":32.41,""SENSOR8"":32.45,""SENSOR9"":33.14,""SENSOR10"":33.51,""SENSOR11"":33.91,""SENSOR12"":32.9,""SENSOR13"":32.68,""SENSOR14"":32.52,""SENSOR15"":32.34,""SENSOR16"":33.0,""SENSOR17"":33.29,""SENSOR18"":33.88,""SENSOR19"":33.34,""SENSOR20"":33.25}"
2025-05-16 07:34:31.699+00,6450,1747380872205-0,DEFAULT,THERMAL,THERMAL_HK,"{""SENSOR1"":34.66,""SENSOR2"":33.45,""SENSOR3"":32.55,""SENSOR4"":33.53,""SENSOR5"":33.46,""SENSOR6"":33.54,""SENSOR7"":32.39,""SENSOR8"":33.37,""SENSOR9"":32.75,""SENSOR10"":32.81,""SENSOR11"":34.08,""SENSOR12"":32.61,""SENSOR13"":32.6,""SENSOR14"":32.25,""SENSOR15"":32.53,""SENSOR16"":33.15,""SENSOR17"":33.43,""SENSOR18"":32.72,""SENSOR19"":32.36,""SENSOR20"":32.77}"
2025-05-16 07:34:26.615+00,6450,1747380867118-0,DEFAULT,THERMAL,THERMAL_HK,"{""SENSOR1"":54.51,""SENSOR2"":65.33,""SENSOR3"":16.57,""SENSOR4"":51.74,""SENSOR5"":21.38,""SENSOR6"":62.06,""SENSOR7"":68.19,""SENSOR8"":20.06,""SENSOR9"":18.42,""SENSOR10"":60.91,""SENSOR11"":68.73,""SENSOR12"":67.06,""SENSOR13"":18.9,""SENSOR14"":27.14,""SENSOR15"":52.32,""SENSOR16"":57.24,""SENSOR17"":22.61,""SENSOR18"":18.45,""SENSOR19"":24.94,""SENSOR20"":63.65}"
2025-05-16 07:34:21.831+00,6450,1747380862333-0,DEFAULT,THERMAL,THERMAL_HK,"{""SENSOR1"":34.07,""SENSOR2"":33.1,""SENSOR3"":33.4,""SENSOR4"":33.35,""SENSOR5"":33.49,""SENSOR6"":32.93,""SENSOR7"":32.73,""SENSOR8"":33.24,""SENSOR9"":33.52,""SENSOR10"":32.45,""SENSOR11"":34.02,""SENSOR12"":33.23,""SENSOR13"":33.24,""SENSOR14"":32.01,""SENSOR15"":32.23,""SENSOR16"":33.01,""SENSOR17"":32.8,""SENSOR18"":33.08,""SENSOR19"":32.69,""SENSOR20"":32.89}"
2025-05-16 07:34:21.495+00,6450,1747380862000-0,DEFAULT,THERMAL,THERMAL_HK,"{""SENSOR1"":34.19,""SENSOR2"":34.12,""SENSOR3"":32.96,""SENSOR4"":33.43,""SENSOR5"":33.58,""SENSOR6"":32.58,""SENSOR7"":32.37,""SENSOR8"":32.84,""SENSOR9"":32.81,""SENSOR10"":32.22,""SENSOR11"":33.35,""SENSOR12"":32.42,""SENSOR13"":32.34,""SENSOR14"":32.12,""SENSOR15"":32.94,""SENSOR16"":33.56,""SENSOR17"":32.89,""SENSOR18"":33.67,""SENSOR19"":32.88,""SENSOR20"":32.18}"
2025-05-16 07:34:16.407+00,6450,1747380856905-0,DEFAULT,THERMAL,THERMAL_HK,"{""SENSOR1"":33.46,""SENSOR2"":33.45,""SENSOR3"":32.97,""SENSOR4"":33.84,""SENSOR5"":32.93,""SENSOR6"":32.86,""SENSOR7"":31.94,""SENSOR8"":33.8,""SENSOR9"":33.72,""SENSOR10"":32.46,""SENSOR11"":32.98,""SENSOR12"":32.64,""SENSOR13"":33.11,""SENSOR14"":31.87,""SENSOR15"":32.13,""SENSOR16"":33.67,""SENSOR17"":33.8,""SENSOR18"":33.65,""SENSOR19"":33.09,""SENSOR20"":32.68}"
2025-05-16 07:34:11.819+00,6450,1747380852323-0,DEFAULT,THERMAL,THERMAL_HK,"{""SENSOR1"":33.58,""SENSOR2"":33.98,""SENSOR3"":33.39,""SENSOR4"":33.42,""SENSOR5"":32.9,""SENSOR6"":33.43,""SENSOR7"":31.93,""SENSOR8"":32.95,""SENSOR9"":33.51,""SENSOR10"":33.08,""SENSOR11"":33.34,""SENSOR12"":32.29,""SENSOR13"":33.15,""SENSOR14"":32.94,""SENSOR15"":32.55,""SENSOR16"":34.01,""SENSOR17"":32.53,""SENSOR18"":33.14,""SENSOR19"":32.37,""SENSOR20"":33.08}"
2025-05-16 07:34:11.259+00,6450,1747380851763-0,DEFAULT,THERMAL,THERMAL_HK,"{""SENSOR1"":34.53,""SENSOR2"":33.27,""SENSOR3"":32.36,""SENSOR4"":33.66,""SENSOR5"":32.64,""SENSOR6"":32.91,""SENSOR7"":32.45,""SENSOR8"":32.54,""SENSOR9"":33.59,""SENSOR10"":33.08,""SENSOR11"":33.24,""SENSOR12"":32.77,""SENSOR13"":32.07,""SENSOR14"":32.89,""SENSOR15"":31.9,""SENSOR16"":33.23,""SENSOR17"":32.62,""SENSOR18"":33.04,""SENSOR19"":32.82,""SENSOR20"":32.05}"
2025-05-16 07:34:06.155+00,6450,1747380846660-0,DEFAULT,THERMAL,THERMAL_HK,"{""SENSOR1"":36.27,""SENSOR2"":36.11,""SENSOR3"":35.59,""SENSOR4"":36.24,""SENSOR5"":36.54,""SENSOR6"":35.87,""SENSOR7"":35.78,""SENSOR8"":36.21,""SENSOR9"":36.78,""SENSOR10"":36.31,""SENSOR11"":36.22,""SENSOR12"":36.3,""SENSOR13"":35.16,""SENSOR14"":35.39,""SENSOR15"":34.99,""SENSOR16"":37.05,""SENSOR17"":35.79,""SENSOR18"":36.71,""SENSOR19"":36.24,""SENSOR20"":35.95}"
2025-05-16 07:03:21.819+00,6450,1747380844235-0,DEFAULT,THERMAL,THERMAL_HK,"{""SENSOR1"":36.33,""SENSOR2"":36.24,""SENSOR3"":36.17,""SENSOR4"":35.76,""SENSOR5"":36.15,""SENSOR6"":36.26,""SENSOR7"":34.94,""SENSOR8"":35.93,""SENSOR9"":35.77,""SENSOR10"":36.39,""SENSOR11"":37.14,""SENSOR12"":35.08,""SENSOR13"":35.58,""SENSOR14"":35.91,""SENSOR15"":35.87,""SENSOR16"":37.18,""SENSOR17"":36.97,""SENSOR18"":36.5,""SENSOR19"":36.02,""SENSOR20"":35.35}"
2025-05-16 07:03:51.823+00,6450,1747380844231-0,DEFAULT,THERMAL,THERMAL_HK,"{""SENSOR1"":34.28,""SENSOR2"":33.41,""SENSOR3"":32.8,""SENSOR4"":32.78,""SENSOR5"":33.2,""SENSOR6"":32.8,""SENSOR7"":32.66,""SENSOR8"":33.61,""SENSOR9"":33.21,""SENSOR10"":32.48,""SENSOR11"":33.39,""SENSOR12"":32.46,""SENSOR13"":32.23,""SENSOR14"":32.65,""SENSOR15"":31.97,""SENSOR16"":33.21,""SENSOR17"":33.7,""SENSOR18"":32.81,""SENSOR19"":32.11,""SENSOR20"":32.21}"
2025-05-16 07:02:41.827+00,6450,1747380844212-0,DEFAULT,THERMAL,THERMAL_HK,"{""SENSOR1"":30.54,""SENSOR2"":31.05,""SENSOR3"":30.17,""SENSOR4"":29.79,""SENSOR5"":29.74,""SENSOR6"":29.85,""SENSOR7"":29.1,""SENSOR8"":30.66,""SENSOR9"":30.98,""SENSOR10"":29.54,""SENSOR11"":30.01,""SENSOR12"":29.66,""SENSOR13"":30.0,""SENSOR14"":29.68,""SENSOR15"":29.32,""SENSOR16"":30.74,""SENSOR17"":30.62,""SENSOR18"":30.72,""SENSOR19"":29.33,""SENSOR20"":29.88}"
2025-05-16 07:01:51.835+00,6450,1747380844192-0,DEFAULT,THERMAL,THERMAL_HK,"{""SENSOR1"":27.4,""SENSOR2"":66.3,""SENSOR3"":20.32,""SENSOR4"":45.9,""SENSOR5"":57.67,""SENSOR6"":50.49,""SENSOR7"":64.8,""SENSOR8"":59.84,""SENSOR9"":49.59,""SENSOR10"":19.49,""SENSOR11"":64.24,""SENSOR12"":17.72,""SENSOR13"":60.92,""SENSOR14"":64.6,""SENSOR15"":16.83,""SENSOR16"":47.58,""SENSOR17"":20.04,""SENSOR18"":22.04,""SENSOR19"":17.72,""SENSOR20"":60.05}"
2025-05-16 07:01:21.495+00,6450,1747380844188-0,DEFAULT,THERMAL,THERMAL_HK,"{""SENSOR1"":30.56,""SENSOR2"":30.64,""SENSOR3"":29.52,""SENSOR4"":29.7,""SENSOR5"":30.06,""SENSOR6"":29.64,""SENSOR7"":29.24,""SENSOR8"":30.16,""SENSOR9"":30.58,""SENSOR10"":29.38,""SENSOR11"":29.85,""SENSOR12"":30.26,""SENSOR13"":29.92,""SENSOR14"":29.79,""SENSOR15"":30.01,""SENSOR16"":30.65,""SENSOR17"":30.14,""SENSOR18"":29.78,""SENSOR19"":30.11,""SENSOR20"":30.29}"
2025-05-16 07:00:41.839+00,6450,1747380844176-0,DEFAULT,THERMAL,THERMAL_HK,"{""SENSOR1"":31.11,""SENSOR2"":30.86,""SENSOR3"":30.2,""SENSOR4"":30.6,""SENSOR5"":30.47,""SENSOR6"":29.66,""SENSOR7"":29.93,""SENSOR8"":29.64,""SENSOR9"":30.84,""SENSOR10"":29.48,""SENSOR11"":30.79,""SENSOR12"":29.67,""SENSOR13"":30.15,""SENSOR14"":28.89,""SENSOR15"":29.36,""SENSOR16"":30.78,""SENSOR17"":30.09,""SENSOR18"":29.99,""SENSOR19"":29.38,""SENSOR20"":30.34}"
2025-05-16 06:59:51.831+00,6450,1747380844173-0,DEFAULT,THERMAL,THERMAL_HK,"{""SENSOR1"":30.5,""SENSOR2"":30.21,""SENSOR3"":29.45,""SENSOR4"":29.73,""SENSOR5"":30.2,""SENSOR6"":30.35,""SENSOR7"":29.48,""SENSOR8"":30.59,""SENSOR9"":29.99,""SENSOR10"":30.5,""SENSOR11"":30.8,""SENSOR12"":29.68,""SENSOR13"":30.03,""SENSOR14"":29.44,""SENSOR15"":29.56,""SENSOR16"":30.12,""SENSOR17"":30.56,""SENSOR18"":29.91,""SENSOR19"":29.82,""SENSOR20"":29.29}"
2025-05-16 06:59:21.795+00,6450,1747380844156-0,DEFAULT,THERMAL,THERMAL_HK,"{""SENSOR1"":31.0,""SENSOR2"":30.14,""SENSOR3"":29.93,""SENSOR4"":30.36,""SENSOR5"":29.79,""SENSOR6"":30.5,""SENSOR7"":29.25,""SENSOR8"":29.75,""SENSOR9"":30.56,""SENSOR10"":29.39,""SENSOR11"":30.38,""SENSOR12"":29.4,""SENSOR13"":30.26,""SENSOR14"":29.39,""SENSOR15"":29.95,""SENSOR16"":30.34,""SENSOR17"":30.52,""SENSOR18"":30.94,""SENSOR19"":29.32,""SENSOR20"":29.43}"
2025-05-16 06:57:51.839+00,6450,1747380844144-0,DEFAULT,THERMAL,THERMAL_HK,"{""SENSOR1"":30.41,""SENSOR2"":30.28,""SENSOR3"":29.7,""SENSOR4"":30.78,""SENSOR5"":29.88,""SENSOR6"":29.72,""SENSOR7"":29.26,""SENSOR8"":29.73,""SENSOR9"":30.37,""SENSOR10"":29.61,""SENSOR11"":30.9,""SENSOR12"":29.59,""SENSOR13"":29.6,""SENSOR14"":29.61,""SENSOR15"":29.22,""SENSOR16"":31.01,""SENSOR17"":30.43,""SENSOR18"":29.9,""SENSOR19"":29.6,""SENSOR20"":29.34}"
2025-05-16 06:58:41.831+00,6450,1747380844141-0,DEFAULT,THERMAL,THERMAL_HK,"{""SENSOR1"":31.53,""SENSOR2"":30.27,""SENSOR3"":30.16,""SENSOR4"":29.67,""SENSOR5"":30.39,""SENSOR6"":29.97,""SENSOR7"":29.62,""SENSOR8"":30.1,""SENSOR9"":30.81,""SENSOR10"":29.46,""SENSOR11"":30.76,""SENSOR12"":29.6,""SENSOR13"":30.17,""SENSOR14"":29.11,""SENSOR15"":29.57,""SENSOR16"":30.0,""SENSOR17"":29.68,""SENSOR18"":30.41,""SENSOR19"":30.27,""SENSOR20"":30.19}"
2025-05-16 06:57:21.439+00,6450,1747380844126-0,DEFAULT,THERMAL,THERMAL_HK,"{""SENSOR1"":31.14,""SENSOR2"":30.77,""SENSOR3"":30.31,""SENSOR4"":30.39,""SENSOR5"":29.98,""SENSOR6"":30.65,""SENSOR7"":29.71,""SENSOR8"":30.26,""SENSOR9"":30.83,""SENSOR10"":30.1,""SENSOR11"":30.75,""SENSOR12"":29.96,""SENSOR13"":30.06,""SENSOR14"":28.92,""SENSOR15"":29.52,""SENSOR16"":30.59,""SENSOR17"":30.14,""SENSOR18"":30.8,""SENSOR19"":30.07,""SENSOR20"":29.87}"
2025-05-16 06:56:41.835+00,6450,1747380844124-0,DEFAULT,THERMAL,THERMAL_HK,"{""SENSOR1"":31.09,""SENSOR2"":30.26,""SENSOR3"":29.71,""SENSOR4"":29.71,""SENSOR5"":29.41,""SENSOR6"":30.76,""SENSOR7"":29.86,""SENSOR8"":30.13,""SENSOR9"":30.43,""SENSOR10"":29.72,""SENSOR11"":30.08,""SENSOR12"":29.86,""SENSOR13"":30.21,""SENSOR14"":29.67,""SENSOR15"":29.25,""SENSOR16"":29.98,""SENSOR17"":30.53,""SENSOR18"":30.12,""SENSOR19"":30.03,""SENSOR20"":30.05}"
2025-05-16 06:55:51.839+00,6450,1747380844119-0,DEFAULT,THERMAL,THERMAL_HK,"{""SENSOR1"":30.47,""SENSOR2"":30.94,""SENSOR3"":30.18,""SENSOR4"":30.31,""SENSOR5"":30.39,""SENSOR6"":29.87,""SENSOR7"":29.97,""SENSOR8"":30.48,""SENSOR9"":30.67,""SENSOR10"":30.21,""SENSOR11"":30.51,""SENSOR12"":30.28,""SENSOR13"":29.35,""SENSOR14"":29.96,""SENSOR15"":29.07,""SENSOR16"":30.0,""SENSOR17"":30.52,""SENSOR18"":29.93,""SENSOR19"":29.16,""SENSOR20"":29.69}"
2025-05-16 06:55:21.735+00,6450,1747380844112-0,DEFAULT,THERMAL,THERMAL_HK,"{""SENSOR1"":23.02,""SENSOR2"":66.36,""SENSOR3"":18.48,""SENSOR4"":64.38,""SENSOR5"":57.02,""SENSOR6"":61.94,""SENSOR7"":19.38,""SENSOR8"":25.79,""SENSOR9"":61.04,""SENSOR10"":47.91,""SENSOR11"":62.95,""SENSOR12"":17.13,""SENSOR13"":16.23,""SENSOR14"":48.29,""SENSOR15"":17.9,""SENSOR16"":18.04,""SENSOR17"":66.23,""SENSOR18"":57.94,""SENSOR19"":25.16,""SENSOR20"":24.54}"
2025-05-16 06:54:41.835+00,6450,1747380844109-0,DEFAULT,THERMAL,THERMAL_HK,"{""SENSOR1"":31.67,""SENSOR2"":31.22,""SENSOR3"":29.32,""SENSOR4"":30.5,""SENSOR5"":30.21,""SENSOR6"":30.59,""SENSOR7"":29.44,""SENSOR8"":30.27,""SENSOR9"":30.89,""SENSOR10"":30.41,""SENSOR11"":30.58,""SENSOR12"":29.9,""SENSOR13"":29.2,""SENSOR14"":29.16,""SENSOR15"":29.27,""SENSOR16"":30.23,""SENSOR17"":29.97,""SENSOR18"":29.92,""SENSOR19"":29.63,""SENSOR20"":30.01}"
2025-05-16 06:13:31.851+00,6450,1747380843321-0,DEFAULT,THERMAL,THERMAL_HK,"{""SENSOR1"":31.14,""SENSOR2"":30.66,""SENSOR3"":30.18,""SENSOR4"":29.87,""SENSOR5"":29.67,""SENSOR6"":30.64,""SENSOR7"":29.03,""SENSOR8"":29.6,""SENSOR9"":30.43,""SENSOR10"":29.92,""SENSOR11"":29.93,""SENSOR12"":30.24,""SENSOR13"":29.41,""SENSOR14"":29.15,""SENSOR15"":29.9,""SENSOR16"":31.17,""SENSOR17"":30.04,""SENSOR18"":30.27,""SENSOR19"":29.34,""SENSOR20"":29.96}"
2025-05-16 06:12:21.875+00,6450,1747380843304-0,DEFAULT,THERMAL,THERMAL_HK,"{""SENSOR1"":31.36,""SENSOR2"":30.96,""SENSOR3"":30.36,""SENSOR4"":30.26,""SENSOR5"":29.65,""SENSOR6"":30.58,""SENSOR7"":30.14,""SENSOR8"":30.13,""SENSOR9"":30.82,""SENSOR10"":30.31,""SENSOR11"":30.16,""SENSOR12"":30.1,""SENSOR13"":30.18,""SENSOR14"":29.77,""SENSOR15"":28.99,""SENSOR16"":31.1,""SENSOR17"":30.44,""SENSOR18"":30.86,""SENSOR19"":29.29,""SENSOR20"":30.34}"
2025-05-16 06:13:11.851+00,6450,1747380843302-0,DEFAULT,THERMAL,THERMAL_HK,"{""SENSOR1"":31.54,""SENSOR2"":30.13,""SENSOR3"":30.31,""SENSOR4"":30.65,""SENSOR5"":29.71,""SENSOR6"":29.83,""SENSOR7"":29.59,""SENSOR8"":29.79,""SENSOR9"":29.79,""SENSOR10"":29.96,""SENSOR11"":30.44,""SENSOR12"":29.3,""SENSOR13"":29.93,""SENSOR14"":29.62,""SENSOR15"":29.33,""SENSOR16"":31.01,""SENSOR17"":30.17,""SENSOR18"":30.74,""SENSOR19"":29.31,""SENSOR20"":29.72}"
2025-05-16 06:11:31.883+00,6450,1747380843262-0,DEFAULT,THERMAL,THERMAL_HK,"{""SENSOR1"":30.88,""SENSOR2"":30.81,""SENSOR3"":30.48,""SENSOR4"":30.4,""SENSOR5"":29.88,""SENSOR6"":29.75,""SENSOR7"":30.17,""SENSOR8"":29.75,""SENSOR9"":30.12,""SENSOR10"":29.5,""SENSOR11"":30.77,""SENSOR12"":29.68,""SENSOR13"":29.69,""SENSOR14"":29.58,""SENSOR15"":29.77,""SENSOR16"":30.59,""SENSOR17"":30.91,""SENSOR18"":30.94,""SENSOR19"":29.2,""SENSOR20"":30.42}"
2025-05-16 06:10:21.863+00,6450,1747380843248-0,DEFAULT,THERMAL,THERMAL_HK,"{""SENSOR1"":31.57,""SENSOR2"":30.52,""SENSOR3"":29.8,""SENSOR4"":30.75,""SENSOR5"":30.42,""SENSOR6"":29.55,""SENSOR7"":29.66,""SENSOR8"":30.12,""SENSOR9"":30.17,""SENSOR10"":30.06,""SENSOR11"":30.71,""SENSOR12"":29.34,""SENSOR13"":29.31,""SENSOR14"":28.98,""SENSOR15"":29.53,""SENSOR16"":30.12,""SENSOR17"":30.58,""SENSOR18"":30.82,""SENSOR19"":29.54,""SENSOR20"":29.89}"
2025-05-16 06:11:11.855+00,6450,1747380843246-0,DEFAULT,THERMAL,THERMAL_HK,"{""SENSOR1"":30.94,""SENSOR2"":30.91,""SENSOR3"":30.18,""SENSOR4"":30.5,""SENSOR5"":29.66,""SENSOR6"":29.93,""SENSOR7"":30.21,""SENSOR8"":29.92,""SENSOR9"":30.63,""SENSOR10"":30.1,""SENSOR11"":29.99,""SENSOR12"":29.76,""SENSOR13"":29.2,""SENSOR14"":29.22,""SENSOR15"":29.64,""SENSOR16"":31.2,""SENSOR17"":30.62,""SENSOR18"":30.51,""SENSOR19"":29.39,""SENSOR20"":29.34}"
2025-05-16 06:09:31.855+00,6450,1747380843231-0,DEFAULT,THERMAL,THERMAL_HK,"{""SENSOR1"":31.11,""SENSOR2"":30.08,""SENSOR3"":29.37,""SENSOR4"":29.88,""SENSOR5"":29.48,""SENSOR6"":29.51,""SENSOR7"":29.19,""SENSOR8"":29.72,""SENSOR9"":30.45,""SENSOR10"":30.33,""SENSOR11"":30.16,""SENSOR12"":29.87,""SENSOR13"":29.55,""SENSOR14"":29.82,""SENSOR15"":30.13,""SENSOR16"":30.12,""SENSOR17"":30.06,""SENSOR18"":30.9,""SENSOR19"":29.41,""SENSOR20"":29.6}"
2025-05-16 06:09:11.851+00,6450,1747380843229-0,DEFAULT,THERMAL,THERMAL_HK,"{""SENSOR1"":31.3,""SENSOR2"":31.18,""SENSOR3"":30.26,""SENSOR4"":30.33,""SENSOR5"":29.75,""SENSOR6"":29.57,""SENSOR7"":29.84,""SENSOR8"":30.14,""SENSOR9"":30.58,""SENSOR10"":30.01,""SENSOR11"":30.91,""SENSOR12"":30.16,""SENSOR13"":29.86,""SENSOR14"":28.85,""SENSOR15"":29.28,""SENSOR16"":30.28,""SENSOR17"":29.76,""SENSOR18"":30.43,""SENSOR19"":29.81,""SENSOR20"":29.65}"
2025-05-16 06:08:21.851+00,6450,1747380843214-0,DEFAULT,THERMAL,THERMAL_HK,"{""SENSOR1"":30.85,""SENSOR2"":30.83,""SENSOR3"":29.81,""SENSOR4"":30.7,""SENSOR5"":30.22,""SENSOR6"":30.36,""SENSOR7"":29.07,""SENSOR8"":30.29,""SENSOR9"":30.46,""SENSOR10"":30.0,""SENSOR11"":30.92,""SENSOR12"":29.25,""SENSOR13"":30.0,""SENSOR14"":29.04,""SENSOR15"":30.02,""SENSOR16"":30.4,""SENSOR17"":29.98,""SENSOR18"":30.77,""SENSOR19"":29.74,""SENSOR20"":29.48}"
2025-05-16 06:07:11.867+00,6450,1747380843201-0,DEFAULT,THERMAL,THERMAL_HK,"{""SENSOR1"":30.66,""SENSOR2"":30.36,""SENSOR3"":30.55,""SENSOR4"":30.6,""SENSOR5"":29.82,""SENSOR6"":29.7,""SENSOR7"":29.72,""SENSOR8"":30.04,""SENSOR9"":29.95,""SENSOR10"":29.35,""SENSOR11"":30.54,""SENSOR12"":30.18,""SENSOR13"":29.85,""SENSOR14"":29.33,""SENSOR15"":29.19,""SENSOR16"":30.77,""SENSOR17"":30.28,""SENSOR18"":30.62,""SENSOR19"":30.25,""SENSOR20"":30.32}"
2025-05-16 06:07:31.871+00,6450,1747380843198-0,DEFAULT,THERMAL,THERMAL_HK,"{""SENSOR1"":50.38,""SENSOR2"":55.54,""SENSOR3"":61.18,""SENSOR4"":16.34,""SENSOR5"":48.6,""SENSOR6"":21.88,""SENSOR7"":44.76,""SENSOR8"":20.78,""SENSOR9"":27.33,""SENSOR10"":56.1,""SENSOR11"":66.38,""SENSOR12"":55.93,""SENSOR13"":59.7,""SENSOR14"":53.86,""SENSOR15"":15.86,""SENSOR16"":26.45,""SENSOR17"":49.84,""SENSOR18"":20.54,""SENSOR19"":57.95,""SENSOR20"":48.0}"
2025-05-16 06:06:21.867+00,6450,1747380843183-0,DEFAULT,THERMAL,THERMAL_HK,"{""SENSOR1"":31.24,""SENSOR2"":30.18,""SENSOR3"":30.06,""SENSOR4"":30.27,""SENSOR5"":30.0,""SENSOR6"":29.93,""SENSOR7"":29.68,""SENSOR8"":30.33,""SENSOR9"":29.81,""SENSOR10"":30.12,""SENSOR11"":30.87,""SENSOR12"":29.2,""SENSOR13"":29.36,""SENSOR14"":29.97,""SENSOR15"":29.96,""SENSOR16"":30.1,""SENSOR17"":29.9,""SENSOR18"":30.89,""SENSOR19"":30.11,""SENSOR20"":29.82}"
2025-05-16 06:05:31.863+00,6450,1747380843181-0,DEFAULT,THERMAL,THERMAL_HK,"{""SENSOR1"":31.18,""SENSOR2"":30.73,""SENSOR3"":29.61,""SENSOR4"":29.83,""SENSOR5"":30.03,""SENSOR6"":30.62,""SENSOR7"":30.0,""SENSOR8"":30.65,""SENSOR9"":30.79,""SENSOR10"":29.8,""SENSOR11"":30.16,""SENSOR12"":30.02,""SENSOR13"":29.47,""SENSOR14"":29.11,""SENSOR15"":29.98,""SENSOR16"":30.37,""SENSOR17"":30.62,""SENSOR18"":30.62,""SENSOR19"":30.12,""SENSOR20"":30.05}"
2025-05-16 06:05:11.863+00,6450,1747380843165-0,DEFAULT,THERMAL,THERMAL_HK,"{""SENSOR1"":30.48,""SENSOR2"":30.85,""SENSOR3"":29.53,""SENSOR4"":30.7,""SENSOR5"":30.18,""SENSOR6"":30.1,""SENSOR7"":29.94,""SENSOR8"":29.96,""SENSOR9"":30.8,""SENSOR10"":29.99,""SENSOR11"":30.98,""SENSOR12"":29.81,""SENSOR13"":29.55,""SENSOR14"":28.94,""SENSOR15"":30.16,""SENSOR16"":30.46,""SENSOR17"":30.01,""SENSOR18"":29.84,""SENSOR19"":30.14,""SENSOR20"":30.05}"
2025-05-16 06:04:21.863+00,6450,1747380843148-0,DEFAULT,THERMAL,THERMAL_HK,"{""SENSOR1"":31.42,""SENSOR2"":30.83,""SENSOR3"":29.51,""SENSOR4"":30.2,""SENSOR5"":29.71,""SENSOR6"":30.02,""SENSOR7"":29.01,""SENSOR8"":30.42,""SENSOR9"":30.25,""SENSOR10"":29.37,""SENSOR11"":30.35,""SENSOR12"":29.69,""SENSOR13"":29.88,""SENSOR14"":28.93,""SENSOR15"":29.6,""SENSOR16"":30.64,""SENSOR17"":30.19,""SENSOR18"":29.85,""SENSOR19"":29.91,""SENSOR20"":29.74}"
2025-05-16 07:34:01.819+00,6450,1747380842729-0,DEFAULT,THERMAL,THERMAL_HK,"{""SENSOR1"":30.65,""SENSOR2"":30.98,""SENSOR3"":29.84,""SENSOR4"":30.28,""SENSOR5"":29.95,""SENSOR6"":30.45,""SENSOR7"":29.64,""SENSOR8"":30.38,""SENSOR9"":30.48,""SENSOR10"":30.03,""SENSOR11"":29.89,""SENSOR12"":29.46,""SENSOR13"":30.22,""SENSOR14"":29.62,""SENSOR15"":29.23,""SENSOR16"":29.95,""SENSOR17"":29.71,""SENSOR18"":29.81,""SENSOR19"":30.24,""SENSOR20"":29.14}"
2025-05-16 07:34:01.059+00,6450,1747380841973-0,DEFAULT,THERMAL,THERMAL_HK,"{""SENSOR1"":30.77,""SENSOR2"":30.65,""SENSOR3"":29.77,""SENSOR4"":30.19,""SENSOR5"":30.16,""SENSOR6"":30.51,""SENSOR7"":29.05,""SENSOR8"":29.76,""SENSOR9"":30.41,""SENSOR10"":29.55,""SENSOR11"":30.21,""SENSOR12"":29.8,""SENSOR13"":29.06,""SENSOR14"":29.48,""SENSOR15"":29.23,""SENSOR16"":30.0,""SENSOR17"":30.01,""SENSOR18"":30.88,""SENSOR19"":30.05,""SENSOR20"":30.24}"
2025-05-16 07:33:55.951+00,6450,1747380836928-0,DEFAULT,THERMAL,THERMAL_HK,"{""SENSOR1"":30.66,""SENSOR2"":31.07,""SENSOR3"":29.5,""SENSOR4"":30.12,""SENSOR5"":30.19,""SENSOR6"":30.29,""SENSOR7"":29.57,""SENSOR8"":30.3,""SENSOR9"":30.21,""SENSOR10"":29.99,""SENSOR11"":30.58,""SENSOR12"":30.09,""SENSOR13"":29.39,""SENSOR14"":29.87,""SENSOR15"":29.69,""SENSOR16"":30.64,""SENSOR17"":30.78,""SENSOR18"":30.81,""SENSOR19"":29.92,""SENSOR20"":29.7}"
2025-05-16 02:21:25.183+00,6450,1747380836651-0,DEFAULT,THERMAL,THERMAL_HK,"{""SENSOR1"":30.85,""SENSOR2"":30.93,""SENSOR3"":29.29,""SENSOR4"":30.28,""SENSOR5"":29.38,""SENSOR6"":30.64,""SENSOR7"":29.44,""SENSOR8"":29.57,""SENSOR9"":29.9,""SENSOR10"":29.63,""SENSOR11"":30.48,""SENSOR12"":29.12,""SENSOR13"":30.09,""SENSOR14"":29.19,""SENSOR15"":29.82,""SENSOR16"":31.1,""SENSOR17"":30.01,""SENSOR18"":30.78,""SENSOR19"":29.95,""SENSOR20"":29.37}"
2025-05-16 07:33:51.819+00,6450,1747380832727-0,DEFAULT,THERMAL,THERMAL_HK,"{""SENSOR1"":31.53,""SENSOR2"":30.27,""SENSOR3"":29.6,""SENSOR4"":30.48,""SENSOR5"":30.49,""SENSOR6"":30.41,""SENSOR7"":29.34,""SENSOR8"":29.96,""SENSOR9"":30.87,""SENSOR10"":29.99,""SENSOR11"":30.74,""SENSOR12"":30.16,""SENSOR13"":29.07,""SENSOR14"":29.89,""SENSOR15"":29.96,""SENSOR16"":30.51,""SENSOR17"":29.69,""SENSOR18"":29.95,""SENSOR19"":29.21,""SENSOR20"":30.12}"
2025-05-16 07:33:50.883+00,6450,1747380831793-0,DEFAULT,THERMAL,THERMAL_HK,"{""SENSOR1"":22.44,""SENSOR2"":23.94,""SENSOR3"":65.03,""SENSOR4"":23.06,""SENSOR5"":59.25,""SENSOR6"":20.27,""SENSOR7"":61.03,""SENSOR8"":55.75,""SENSOR9"":65.76,""SENSOR10"":55.92,""SENSOR11"":19.58,""SENSOR12"":62.41,""SENSOR13"":62.75,""SENSOR14"":54.55,""SENSOR15"":57.67,""SENSOR16"":50.52,""SENSOR17"":22.0,""SENSOR18"":16.44,""SENSOR19"":58.49,""SENSOR20"":48.46}"
2025-05-16 04:02:01.927+00,6450,1747380829427-0,DEFAULT,THERMAL,THERMAL_HK,"{""SENSOR1"":31.12,""SENSOR2"":30.48,""SENSOR3"":30.5,""SENSOR4"":30.75,""SENSOR5"":30.5,""SENSOR6"":29.56,""SENSOR7"":29.99,""SENSOR8"":30.19,""SENSOR9"":29.87,""SENSOR10"":30.19,""SENSOR11"":30.02,""SENSOR12"":29.8,""SENSOR13"":29.8,""SENSOR14"":29.41,""SENSOR15"":29.1,""SENSOR16"":30.02,""SENSOR17"":30.44,""SENSOR18"":30.78,""SENSOR19"":29.7,""SENSOR20"":29.33}"
2025-05-16 04:01:21.923+00,6450,1747380829424-0,DEFAULT,THERMAL,THERMAL_HK,"{""SENSOR1"":30.93,""SENSOR2"":30.94,""SENSOR3"":29.93,""SENSOR4"":30.03,""SENSOR5"":30.49,""SENSOR6"":30.77,""SENSOR7"":29.5,""SENSOR8"":30.16,""SENSOR9"":30.06,""SENSOR10"":30.37,""SENSOR11"":29.93,""SENSOR12"":29.53,""SENSOR13"":29.98,""SENSOR14"":29.54,""SENSOR15"":29.32,""SENSOR16"":30.67,""SENSOR17"":30.28,""SENSOR18"":30.59,""SENSOR19"":29.63,""SENSOR20"":29.27}"
2025-05-16 04:00:01.931+00,6450,1747380829413-0,DEFAULT,THERMAL,THERMAL_HK,"{""SENSOR1"":30.53,""SENSOR2"":30.66,""SENSOR3"":29.66,""SENSOR4"":29.99,""SENSOR5"":29.91,""SENSOR6"":30.57,""SENSOR7"":29.25,""SENSOR8"":29.89,""SENSOR9"":30.31,""SENSOR10"":30.19,""SENSOR11"":30.79,""SENSOR12"":29.8,""SENSOR13"":29.25,""SENSOR14"":29.76,""SENSOR15"":30.1,""SENSOR16"":30.72,""SENSOR17"":29.8,""SENSOR18"":30.43,""SENSOR19"":29.86,""SENSOR20"":29.71}"
2025-05-16 04:00:51.923+00,6450,1747380829410-0,DEFAULT,THERMAL,THERMAL_HK,"{""SENSOR1"":30.41,""SENSOR2"":30.9,""SENSOR3"":29.53,""SENSOR4"":30.26,""SENSOR5"":30.11,""SENSOR6"":30.59,""SENSOR7"":29.19,""SENSOR8"":30.42,""SENSOR9"":30.35,""SENSOR10"":29.81,""SENSOR11"":30.42,""SENSOR12"":29.93,""SENSOR13"":30.18,""SENSOR14"":29.57,""SENSOR15"":29.82,""SENSOR16"":31.18,""SENSOR17"":29.71,""SENSOR18"":30.45,""SENSOR19"":29.63,""SENSOR20"":30.0}"
2025-05-16 03:59:22.079+00,6450,1747380829392-0,DEFAULT,THERMAL,THERMAL_HK,"{""SENSOR1"":31.52,""SENSOR2"":30.85,""SENSOR3"":29.48,""SENSOR4"":30.18,""SENSOR5"":29.52,""SENSOR6"":30.68,""SENSOR7"":29.2,""SENSOR8"":30.47,""SENSOR9"":30.04,""SENSOR10"":30.32,""SENSOR11"":30.49,""SENSOR12"":30.14,""SENSOR13"":30.14,""SENSOR14"":29.99,""SENSOR15"":29.65,""SENSOR16"":30.22,""SENSOR17"":30.18,""SENSOR18"":30.82,""SENSOR19"":29.35,""SENSOR20"":30.25}"
2025-05-16 03:58:01.939+00,6450,1747380829379-0,DEFAULT,THERMAL,THERMAL_HK,"{""SENSOR1"":30.79,""SENSOR2"":31.26,""SENSOR3"":29.47,""SENSOR4"":30.01,""SENSOR5"":29.42,""SENSOR6"":30.47,""SENSOR7"":29.32,""SENSOR8"":30.46,""SENSOR9"":30.28,""SENSOR10"":30.39,""SENSOR11"":30.71,""SENSOR12"":29.62,""SENSOR13"":29.69,""SENSOR14"":29.69,""SENSOR15"":30.0,""SENSOR16"":30.5,""SENSOR17"":30.07,""SENSOR18"":29.93,""SENSOR19"":29.6,""SENSOR20"":30.01}"
2025-05-16 03:58:51.943+00,6450,1747380829376-0,DEFAULT,THERMAL,THERMAL_HK,"{""SENSOR1"":30.68,""SENSOR2"":31.25,""SENSOR3"":29.38,""SENSOR4"":29.88,""SENSOR5"":30.48,""SENSOR6"":30.33,""SENSOR7"":29.3,""SENSOR8"":30.19,""SENSOR9"":30.4,""SENSOR10"":30.45,""SENSOR11"":31.03,""SENSOR12"":29.55,""SENSOR13"":29.65,""SENSOR14"":29.54,""SENSOR15"":29.59,""SENSOR16"":30.33,""SENSOR17"":30.81,""SENSOR18"":30.29,""SENSOR19"":30.34,""SENSOR20"":29.43}"
2025-05-16 03:57:21.935+00,6450,1747380829363-0,DEFAULT,THERMAL,THERMAL_HK,"{""SENSOR1"":30.56,""SENSOR2"":30.49,""SENSOR3"":30.43,""SENSOR4"":30.45,""SENSOR5"":29.91,""SENSOR6"":30.47,""SENSOR7"":29.99,""SENSOR8"":29.69,""SENSOR9"":29.99,""SENSOR10"":30.07,""SENSOR11"":31.02,""SENSOR12"":29.82,""SENSOR13"":29.29,""SENSOR14"":29.18,""SENSOR15"":29.68,""SENSOR16"":30.96,""SENSOR17"":29.69,""SENSOR18"":30.08,""SENSOR19"":30.1,""SENSOR20"":29.57}"
2025-05-16 03:56:51.935+00,6450,1747380829359-0,DEFAULT,THERMAL,THERMAL_HK,"{""SENSOR1"":30.67,""SENSOR2"":30.34,""SENSOR3"":29.93,""SENSOR4"":30.57,""SENSOR5"":29.9,""SENSOR6"":30.04,""SENSOR7"":29.34,""SENSOR8"":29.89,""SENSOR9"":30.8,""SENSOR10"":29.99,""SENSOR11"":30.44,""SENSOR12"":29.63,""SENSOR13"":29.97,""SENSOR14"":29.1,""SENSOR15"":29.22,""SENSOR16"":30.65,""SENSOR17"":30.6,""SENSOR18"":30.05,""SENSOR19"":30.37,""SENSOR20"":29.47}"
2025-05-16 03:56:01.931+00,6450,1747380829346-0,DEFAULT,THERMAL,THERMAL_HK,"{""SENSOR1"":31.5,""SENSOR2"":31.01,""SENSOR3"":29.38,""SENSOR4"":29.67,""SENSOR5"":29.98,""SENSOR6"":30.15,""SENSOR7"":29.34,""SENSOR8"":30.46,""SENSOR9"":30.75,""SENSOR10"":30.34,""SENSOR11"":30.62,""SENSOR12"":29.91,""SENSOR13"":29.71,""SENSOR14"":29.09,""SENSOR15"":30.1,""SENSOR16"":30.31,""SENSOR17"":30.73,""SENSOR18"":30.66,""SENSOR19"":29.77,""SENSOR20"":29.92}"
2025-05-16 03:55:22.019+00,6450,1747380829335-0,DEFAULT,THERMAL,THERMAL_HK,"{""SENSOR1"":31.4,""SENSOR2"":30.51,""SENSOR3"":29.33,""SENSOR4"":30.0,""SENSOR5"":30.59,""SENSOR6"":30.0,""SENSOR7"":28.97,""SENSOR8"":30.65,""SENSOR9"":30.46,""SENSOR10"":30.42,""SENSOR11"":31.06,""SENSOR12"":30.1,""SENSOR13"":29.52,""SENSOR14"":29.73,""SENSOR15"":29.15,""SENSOR16"":30.1,""SENSOR17"":30.22,""SENSOR18"":30.44,""SENSOR19"":30.24,""SENSOR20"":29.76}"
2025-05-16 03:54:51.931+00,6450,1747380829329-0,DEFAULT,THERMAL,THERMAL_HK,"{""SENSOR1"":49.75,""SENSOR2"":58.11,""SENSOR3"":46.85,""SENSOR4"":20.26,""SENSOR5"":46.12,""SENSOR6"":54.17,""SENSOR7"":19.79,""SENSOR8"":18.62,""SENSOR9"":15.45,""SENSOR10"":47.46,""SENSOR11"":60.22,""SENSOR12"":47.98,""SENSOR13"":15.46,""SENSOR14"":19.98,""SENSOR15"":24.78,""SENSOR16"":62.07,""SENSOR17"":24.51,""SENSOR18"":19.96,""SENSOR19"":61.54,""SENSOR20"":23.32}"
2025-05-16 03:54:01.943+00,6450,1747380829318-0,DEFAULT,THERMAL,THERMAL_HK,"{""SENSOR1"":31.41,""SENSOR2"":30.33,""SENSOR3"":29.63,""SENSOR4"":30.56,""SENSOR5"":30.52,""SENSOR6"":30.34,""SENSOR7"":29.72,""SENSOR8"":30.62,""SENSOR9"":30.68,""SENSOR10"":29.52,""SENSOR11"":30.81,""SENSOR12"":29.42,""SENSOR13"":29.28,""SENSOR14"":29.2,""SENSOR15"":30.15,""SENSOR16"":30.89,""SENSOR17"":30.18,""SENSOR18"":30.04,""SENSOR19"":29.39,""SENSOR20"":29.64}"
2025-05-16 03:53:21.943+00,6450,1747380829312-0,DEFAULT,THERMAL,THERMAL_HK,"{""SENSOR1"":31.21,""SENSOR2"":30.63,""SENSOR3"":29.99,""SENSOR4"":30.15,""SENSOR5"":29.92,""SENSOR6"":29.81,""SENSOR7"":29.75,""SENSOR8"":30.75,""SENSOR9"":30.18,""SENSOR10"":29.6,""SENSOR11"":30.25,""SENSOR12"":29.93,""SENSOR13"":29.47,""SENSOR14"":29.01,""SENSOR15"":30.15,""SENSOR16"":30.96,""SENSOR17"":30.36,""SENSOR18"":30.09,""SENSOR19"":29.53,""SENSOR20"":29.62}"
2025-05-16 03:52:51.935+00,6450,1747380829272-0,DEFAULT,THERMAL,THERMAL_HK,"{""SENSOR1"":30.96,""SENSOR2"":30.24,""SENSOR3"":29.91,""SENSOR4"":30.38,""SENSOR5"":30.41,""SENSOR6"":30.22,""SENSOR7"":30.0,""SENSOR8"":29.75,""SENSOR9"":31.02,""SENSOR10"":29.7,""SENSOR11"":30.82,""SENSOR12"":29.31,""SENSOR13"":29.51,""SENSOR14"":29.17,""SENSOR15"":29.66,""SENSOR16"":30.97,""SENSOR17"":30.04,""SENSOR18"":30.98,""SENSOR19"":30.22,""SENSOR20"":30.0}"
2025-05-16 07:33:45.703+00,6450,1747380826611-0,DEFAULT,THERMAL,THERMAL_HK,"{""SENSOR1"":31.15,""SENSOR2"":30.75,""SENSOR3"":29.5,""SENSOR4"":30.73,""SENSOR5"":30.14,""SENSOR6"":30.51,""SENSOR7"":29.95,""SENSOR8"":30.33,""SENSOR9"":30.06,""SENSOR10"":30.08,""SENSOR11"":30.69,""SENSOR12"":29.94,""SENSOR13"":29.93,""SENSOR14"":29.74,""SENSOR15"":29.5,""SENSOR16"":30.77,""SENSOR17"":29.86,""SENSOR18"":30.46,""SENSOR19"":29.82,""SENSOR20"":30.19}"
2025-05-16 03:31:16.303+00,6450,1747380825332-0,DEFAULT,THERMAL,THERMAL_HK,"{""SENSOR1"":31.19,""SENSOR2"":30.75,""SENSOR3"":30.58,""SENSOR4"":30.55,""SENSOR5"":29.46,""SENSOR6"":29.67,""SENSOR7"":29.49,""SENSOR8"":29.86,""SENSOR9"":30.77,""SENSOR10"":29.78,""SENSOR11"":30.97,""SENSOR12"":29.9,""SENSOR13"":30.07,""SENSOR14"":30.08,""SENSOR15"":29.99,""SENSOR16"":30.94,""SENSOR17"":29.72,""SENSOR18"":30.36,""SENSOR19"":29.29,""SENSOR20"":29.18}"
2025-05-16 03:31:41.939+00,6450,1747380825330-0,DEFAULT,THERMAL,THERMAL_HK,"{""SENSOR1"":30.81,""SENSOR2"":30.95,""SENSOR3"":30.0,""SENSOR4"":30.3,""SENSOR5"":30.3,""SENSOR6"":30.5,""SENSOR7"":29.25,""SENSOR8"":29.65,""SENSOR9"":30.47,""SENSOR10"":30.5,""SENSOR11"":29.91,""SENSOR12"":30.3,""SENSOR13"":29.2,""SENSOR14"":29.25,""SENSOR15"":29.6,""SENSOR16"":30.37,""SENSOR17"":30.45,""SENSOR18"":30.82,""SENSOR19"":30.13,""SENSOR20"":29.56}"
2025-05-16 03:30:31.963+00,6450,1747380825314-0,DEFAULT,THERMAL,THERMAL_HK,"{""SENSOR1"":30.81,""SENSOR2"":30.5,""SENSOR3"":29.43,""SENSOR4"":30.34,""SENSOR5"":29.68,""SENSOR6"":29.57,""SENSOR7"":29.26,""SENSOR8"":30.22,""SENSOR9"":29.84,""SENSOR10"":30.04,""SENSOR11"":30.79,""SENSOR12"":30.35,""SENSOR13"":30.02,""SENSOR14"":29.52,""SENSOR15"":29.56,""SENSOR16"":30.68,""SENSOR17"":30.58,""SENSOR18"":30.75,""SENSOR19"":29.83,""SENSOR20"":29.8}"
2025-05-16 03:29:16.607+00,6450,1747380825275-0,DEFAULT,THERMAL,THERMAL_HK,"{""SENSOR1"":30.43,""SENSOR2"":30.69,""SENSOR3"":30.5,""SENSOR4"":30.22,""SENSOR5"":30.11,""SENSOR6"":30.55,""SENSOR7"":29.18,""SENSOR8"":29.97,""SENSOR9"":29.74,""SENSOR10"":29.75,""SENSOR11"":30.98,""SENSOR12"":29.81,""SENSOR13"":29.87,""SENSOR14"":29.48,""SENSOR15"":29.7,""SENSOR16"":30.2,""SENSOR17"":30.77,""SENSOR18"":30.43,""SENSOR19"":30.29,""SENSOR20"":29.75}"
2025-05-16 03:29:41.947+00,6450,1747380825272-0,DEFAULT,THERMAL,THERMAL_HK,"{""SENSOR1"":31.5,""SENSOR2"":31.06,""SENSOR3"":30.07,""SENSOR4"":30.15,""SENSOR5"":29.73,""SENSOR6"":30.48,""SENSOR7"":30.12,""SENSOR8"":29.68,""SENSOR9"":29.99,""SENSOR10"":29.54,""SENSOR11"":29.98,""SENSOR12"":30.37,""SENSOR13"":30.25,""SENSOR14"":29.24,""SENSOR15"":29.92,""SENSOR16"":30.86,""SENSOR17"":30.22,""SENSOR18"":30.67,""SENSOR19"":29.25,""SENSOR20"":29.51}"
2025-05-16 03:28:31.943+00,6450,1747380825261-0,DEFAULT,THERMAL,THERMAL_HK,"{""SENSOR1"":31.35,""SENSOR2"":30.18,""SENSOR3"":29.83,""SENSOR4"":30.37,""SENSOR5"":30.24,""SENSOR6"":29.65,""SENSOR7"":29.95,""SENSOR8"":30.17,""SENSOR9"":29.95,""SENSOR10"":29.59,""SENSOR11"":30.65,""SENSOR12"":29.26,""SENSOR13"":29.21,""SENSOR14"":29.01,""SENSOR15"":29.06,""SENSOR16"":30.23,""SENSOR17"":30.57,""SENSOR18"":29.79,""SENSOR19"":29.47,""SENSOR20"":29.22}"
2025-05-16 03:27:41.939+00,6450,1747380825258-0,DEFAULT,THERMAL,THERMAL_HK,"{""SENSOR1"":30.93,""SENSOR2"":30.64,""SENSOR3"":30.31,""SENSOR4"":29.76,""SENSOR5"":29.72,""SENSOR6"":29.64,""SENSOR7"":29.06,""SENSOR8"":29.95,""SENSOR9"":30.86,""SENSOR10"":29.76,""SENSOR11"":29.98,""SENSOR12"":29.51,""SENSOR13"":29.59,""SENSOR14"":29.49,""SENSOR15"":29.99,""SENSOR16"":30.03,""SENSOR17"":29.86,""SENSOR18"":29.96,""SENSOR19"":29.95,""SENSOR20"":30.2}"
2025-05-16 03:27:16.251+00,6450,1747380825241-0,DEFAULT,THERMAL,THERMAL_HK,"{""SENSOR1"":18.71,""SENSOR2"":15.88,""SENSOR3"":25.89,""SENSOR4"":18.92,""SENSOR5"":17.27,""SENSOR6"":50.11,""SENSOR7"":23.77,""SENSOR8"":23.83,""SENSOR9"":57.09,""SENSOR10"":61.28,""SENSOR11"":22.96,""SENSOR12"":22.68,""SENSOR13"":20.57,""SENSOR14"":56.67,""SENSOR15"":15.66,""SENSOR16"":23.63,""SENSOR17"":46.04,""SENSOR18"":65.21,""SENSOR19"":56.54,""SENSOR20"":18.48}"
2025-05-16 03:26:31.951+00,6450,1747380825227-0,DEFAULT,THERMAL,THERMAL_HK,"{""SENSOR1"":31.29,""SENSOR2"":31.09,""SENSOR3"":29.74,""SENSOR4"":29.9,""SENSOR5"":30.15,""SENSOR6"":30.6,""SENSOR7"":29.14,""SENSOR8"":29.93,""SENSOR9"":30.75,""SENSOR10"":30.04,""SENSOR11"":29.92,""SENSOR12"":29.47,""SENSOR13"":30.1,""SENSOR14"":29.28,""SENSOR15"":30.0,""SENSOR16"":31.16,""SENSOR17"":30.38,""SENSOR18"":30.58,""SENSOR19"":29.51,""SENSOR20"":30.3}"
2025-05-16 03:25:41.979+00,6450,1747380825224-0,DEFAULT,THERMAL,THERMAL_HK,"{""SENSOR1"":31.09,""SENSOR2"":30.97,""SENSOR3"":30.54,""SENSOR4"":30.52,""SENSOR5"":29.67,""SENSOR6"":29.61,""SENSOR7"":29.68,""SENSOR8"":30.65,""SENSOR9"":30.13,""SENSOR10"":30.03,""SENSOR11"":30.56,""SENSOR12"":29.71,""SENSOR13"":29.48,""SENSOR14"":29.9,""SENSOR15"":30.23,""SENSOR16"":30.86,""SENSOR17"":30.23,""SENSOR18"":30.57,""SENSOR19"":29.21,""SENSOR20"":30.25}"
2025-05-16 03:25:16.551+00,6450,1747380825212-0,DEFAULT,THERMAL,THERMAL_HK,"{""SENSOR1"":30.93,""SENSOR2"":30.84,""SENSOR3"":29.88,""SENSOR4"":30.69,""SENSOR5"":30.37,""SENSOR6"":29.53,""SENSOR7"":29.18,""SENSOR8"":29.6,""SENSOR9"":29.71,""SENSOR10"":29.4,""SENSOR11"":30.05,""SENSOR12"":29.37,""SENSOR13"":30.14,""SENSOR14"":29.77,""SENSOR15"":29.29,""SENSOR16"":30.26,""SENSOR17"":29.77,""SENSOR18"":30.74,""SENSOR19"":30.25,""SENSOR20"":29.57}"
2025-05-16 03:24:31.943+00,6450,1747380825208-0,DEFAULT,THERMAL,THERMAL_HK,"{""SENSOR1"":31.57,""SENSOR2"":30.85,""SENSOR3"":29.87,""SENSOR4"":29.82,""SENSOR5"":29.59,""SENSOR6"":29.68,""SENSOR7"":29.8,""SENSOR8"":29.62,""SENSOR9"":29.73,""SENSOR10"":29.59,""SENSOR11"":31.05,""SENSOR12"":29.7,""SENSOR13"":29.22,""SENSOR14"":29.73,""SENSOR15"":29.47,""SENSOR16"":30.04,""SENSOR17"":30.6,""SENSOR18"":30.81,""SENSOR19"":30.34,""SENSOR20"":30.03}"
2025-05-16 03:23:41.951+00,6450,1747380825192-0,DEFAULT,THERMAL,THERMAL_HK,"{""SENSOR1"":31.05,""SENSOR2"":31.14,""SENSOR3"":29.83,""SENSOR4"":30.38,""SENSOR5"":30.1,""SENSOR6"":29.83,""SENSOR7"":29.35,""SENSOR8"":29.77,""SENSOR9"":30.76,""SENSOR10"":30.25,""SENSOR11"":30.24,""SENSOR12"":29.95,""SENSOR13"":29.61,""SENSOR14"":29.38,""SENSOR15"":30.16,""SENSOR16"":30.46,""SENSOR17"":30.39,""SENSOR18"":30.09,""SENSOR19"":29.46,""SENSOR20"":30.14}"
2025-05-16 03:23:16.195+00,6450,1747380825179-0,DEFAULT,THERMAL,THERMAL_HK,"{""SENSOR1"":31.11,""SENSOR2"":30.24,""SENSOR3"":29.61,""SENSOR4"":29.89,""SENSOR5"":30.24,""SENSOR6"":29.58,""SENSOR7"":29.45,""SENSOR8"":29.53,""SENSOR9"":29.82,""SENSOR10"":30.4,""SENSOR11"":30.08,""SENSOR12"":29.56,""SENSOR13"":29.26,""SENSOR14"":29.75,""SENSOR15"":29.09,""SENSOR16"":30.89,""SENSOR17"":29.82,""SENSOR18"":30.89,""SENSOR19"":29.76,""SENSOR20"":29.74}"
2025-05-16 03:22:31.975+00,6450,1747380825175-0,DEFAULT,THERMAL,THERMAL_HK,"{""SENSOR1"":30.36,""SENSOR2"":30.53,""SENSOR3"":30.27,""SENSOR4"":29.77,""SENSOR5"":30.22,""SENSOR6"":29.83,""SENSOR7"":29.65,""SENSOR8"":30.16,""SENSOR9"":30.78,""SENSOR10"":30.53,""SENSOR11"":30.34,""SENSOR12"":29.4,""SENSOR13"":29.24,""SENSOR14"":29.25,""SENSOR15"":29.96,""SENSOR16"":30.15,""SENSOR17"":30.45,""SENSOR18"":30.65,""SENSOR19"":29.28,""SENSOR20"":29.75}"
2025-05-16 02:31:21.907+00,6450,1747380825165-0,DEFAULT,THERMAL,THERMAL_HK,"{""SENSOR1"":31.55,""SENSOR2"":31.14,""SENSOR3"":29.55,""SENSOR4"":30.71,""SENSOR5"":29.67,""SENSOR6"":30.58,""SENSOR7"":29.45,""SENSOR8"":29.78,""SENSOR9"":30.23,""SENSOR10"":29.47,""SENSOR11"":30.61,""SENSOR12"":29.73,""SENSOR13"":30.04,""SENSOR14"":29.4,""SENSOR15"":29.32,""SENSOR16"":30.0,""SENSOR17"":29.91,""SENSOR18"":30.79,""SENSOR19"":29.39,""SENSOR20"":30.19}"
2025-05-16 02:29:52.023+00,6450,1747380825146-0,DEFAULT,THERMAL,THERMAL_HK,"{""SENSOR1"":31.55,""SENSOR2"":31.08,""SENSOR3"":30.07,""SENSOR4"":29.7,""SENSOR5"":30.37,""SENSOR6"":30.1,""SENSOR7"":29.65,""SENSOR8"":30.11,""SENSOR9"":29.72,""SENSOR10"":29.42,""SENSOR11"":30.32,""SENSOR12"":29.77,""SENSOR13"":29.91,""SENSOR14"":29.09,""SENSOR15"":29.25,""SENSOR16"":30.99,""SENSOR17"":30.35,""SENSOR18"":30.44,""SENSOR19"":29.67,""SENSOR20"":29.38}"
2025-05-16 02:30:41.975+00,6450,1747380825140-0,DEFAULT,THERMAL,THERMAL_HK,"{""SENSOR1"":64.18,""SENSOR2"":20.88,""SENSOR3"":51.51,""SENSOR4"":16.24,""SENSOR5"":19.94,""SENSOR6"":19.12,""SENSOR7"":19.1,""SENSOR8"":50.7,""SENSOR9"":46.22,""SENSOR10"":58.78,""SENSOR11"":18.01,""SENSOR12"":19.37,""SENSOR13"":24.27,""SENSOR14"":20.08,""SENSOR15"":55.1,""SENSOR16"":26.3,""SENSOR17"":50.12,""SENSOR18"":55.7,""SENSOR19"":20.53,""SENSOR20"":24.39}"
2025-05-16 02:28:41.991+00,6450,1747380825124-0,DEFAULT,THERMAL,THERMAL_HK,"{""SENSOR1"":31.2,""SENSOR2"":30.42,""SENSOR3"":29.46,""SENSOR4"":29.86,""SENSOR5"":29.83,""SENSOR6"":29.77,""SENSOR7"":29.92,""SENSOR8"":29.87,""SENSOR9"":30.22,""SENSOR10"":30.46,""SENSOR11"":30.82,""SENSOR12"":30.34,""SENSOR13"":29.75,""SENSOR14"":29.82,""SENSOR15"":29.15,""SENSOR16"":30.82,""SENSOR17"":30.41,""SENSOR18"":30.8,""SENSOR19"":29.85,""SENSOR20"":29.81}"
2025-05-16 02:29:21.555+00,6450,1747380825121-0,DEFAULT,THERMAL,THERMAL_HK,"{""SENSOR1"":30.67,""SENSOR2"":30.95,""SENSOR3"":29.89,""SENSOR4"":30.37,""SENSOR5"":29.48,""SENSOR6"":29.63,""SENSOR7"":29.94,""SENSOR8"":30.41,""SENSOR9"":30.17,""SENSOR10"":29.43,""SENSOR11"":30.6,""SENSOR12"":30.04,""SENSOR13"":29.95,""SENSOR14"":29.78,""SENSOR15"":29.8,""SENSOR16"":30.17,""SENSOR17"":30.8,""SENSOR18"":30.93,""SENSOR19"":29.18,""SENSOR20"":29.61}"
2025-05-16 02:27:51.995+00,6450,1747380825103-0,DEFAULT,THERMAL,THERMAL_HK,"{""SENSOR1"":31.53,""SENSOR2"":30.18,""SENSOR3"":30.27,""SENSOR4"":29.66,""SENSOR5"":29.28,""SENSOR6"":30.26,""SENSOR7"":29.57,""SENSOR8"":30.01,""SENSOR9"":29.82,""SENSOR10"":29.41,""SENSOR11"":30.79,""SENSOR12"":30.04,""SENSOR13"":30.04,""SENSOR14"":29.84,""SENSOR15"":29.38,""SENSOR16"":30.0,""SENSOR17"":30.28,""SENSOR18"":30.24,""SENSOR19"":30.12,""SENSOR20"":29.35}"
